"county","region","year","wage","unemp_rate","lfpr","college_pct","aging_idx","industry_pct","density","log_density","log_wage","wage_level","high_wage","region_f","year_f"
"南投縣","中部",2019,3.7417,3.7,62.3,40.06,166.16,27.04,120.33,4.7902,1.31954005360649,"低薪",0,"中部","2019"
"南投縣","中部",2020,3.8,3.8,60.3,39.62,174.78,26.97,119.53,4.7836,1.33500106673234,"低薪",0,"中部","2020"
"南投縣","中部",2021,3.8333,3.9,58.3,40.94,184.95,29.25,118.08,4.7714,1.34372605101111,"低薪",0,"中部","2021"
"南投縣","中部",2022,3.8917,3.6,59.8,41.1,195.74,27.27,116.79,4.7604,1.35884608016066,"低薪",0,"中部","2022"
"南投縣","中部",2023,3.9417,3.5,60.1,42.01,203.8,28.44,116.18,4.7551,1.37161210233375,"低薪",0,"中部","2023"
"南投縣","中部",2024,4.1583,3.3,59.9,41.45,214.33,27.45,115.01,4.745,1.42510633690528,"高薪",1,"中部","2024"
"嘉義市","南部",2019,3.6417,3.7,59.5,62.67,115.26,26.77,4459.6,8.4028,1.29245060558973,"低薪",0,"南部","2019"
"嘉義市","南部",2020,3.7667,3.7,60.3,62.31,123.41,26.33,4431.53,8.3965,1.32619928656855,"低薪",0,"南部","2020"
"嘉義市","南部",2021,3.7917,4,55.8,65.89,131.28,29.02,4410.23,8.3917,1.33281446733905,"低薪",0,"南部","2021"
"嘉義市","南部",2022,3.8583,3.6,55.8,65.66,139.69,28.56,4380.2,8.3848,1.35022667195801,"低薪",0,"南部","2022"
"嘉義市","南部",2023,3.9083,3.5,55.9,65.32,147.8,27.17,4391.19,8.3874,1.36310249684321,"低薪",0,"南部","2023"
"嘉義市","南部",2024,4.0917,3.3,56.7,65.83,156.08,26.66,4367.75,8.382,1.4089605316188,"低薪",0,"南部","2024"
"嘉義縣","南部",2019,3.7833,3.7,60.5,32.52,213.05,32.61,264.29,5.577,1.3305966446478,"低薪",0,"南部","2019"
"嘉義縣","南部",2020,3.8083,3.8,59,33.09,226.15,32.58,262.38,5.5698,1.33718289533862,"低薪",0,"南部","2020"
"嘉義縣","南部",2021,3.825,3.9,59,33.87,240.68,30.73,259.14,5.5574,1.3415584672785,"低薪",0,"南部","2021"
"嘉義縣","南部",2022,3.8667,3.6,60.2,34.58,252.45,32.8,256.43,5.5469,1.35240143009671,"低薪",0,"南部","2022"
"嘉義縣","南部",2023,3.975,3.5,59,35.7,263.11,32.13,254.54,5.5395,1.3800247481063,"低薪",0,"南部","2023"
"嘉義縣","南部",2024,4.1833,3.4,59.4,33.51,276.29,31.34,251.51,5.5275,1.43110040875045,"高薪",1,"南部","2024"
"基隆市","北部",2019,4.2333,3.8,57.5,51.53,159.84,27.43,2778.67,7.9297,1.44298183074969,"高薪",1,"北部","2019"
"基隆市","北部",2020,4.2083,4,57,51.72,171.76,28.28,2768.76,7.9262,1.43705876566987,"高薪",1,"北部","2020"
"基隆市","北部",2021,4.2167,4,55.5,53.51,184.22,29.34,2741.64,7.9163,1.43905283161251,"高薪",1,"北部","2021"
"基隆市","北部",2022,4.3167,3.8,56.6,55.84,196.12,30.3,2723.18,7.9096,1.46249122145534,"高薪",1,"北部","2022"
"基隆市","北部",2023,4.4083,3.5,56.5,57.57,209.87,27.23,2728.67,7.9116,1.48348912761099,"高薪",1,"北部","2023"
"基隆市","北部",2024,4.6083,3.5,56.5,60.45,224.53,26.12,2722.54,7.9093,1.52785902544107,"高薪",1,"北部","2024"
"宜蘭縣","東部",2019,3.9167,3.7,61.4,43.93,140.17,30.81,211.87,5.356,1.36524946252414,"低薪",0,"東部","2019"
"宜蘭縣","東部",2020,3.9417,3.9,61.6,41.68,147.93,32.51,211.36,5.3536,1.37161210233375,"低薪",0,"東部","2020"
"宜蘭縣","東部",2021,3.975,4,59.4,40.2,155.9,33.72,210.25,5.3483,1.3800247481063,"低薪",0,"東部","2021"
"宜蘭縣","東部",2022,4.05,3.7,57,43.32,163.33,32.24,209.49,5.3447,1.39871688111845,"低薪",0,"東部","2022"
"宜蘭縣","東部",2023,4.1667,3.5,58.3,46.47,170.45,31.64,209.87,5.3465,1.42712435560815,"高薪",1,"東部","2023"
"宜蘭縣","東部",2024,4.25,3.4,58.3,48.35,179.02,29.37,209.56,5.345,1.44691898293633,"高薪",1,"東部","2024"
"屏東縣","南部",2019,3.5333,3.7,61.9,36.7,163.81,31.32,295.14,5.6874,1.26223227844315,"低薪",0,"南部","2019"
"屏東縣","南部",2020,3.5917,3.8,61.2,35.64,173.76,32.1,292.79,5.6795,1.2786256280211,"低薪",0,"南部","2020"
"屏東縣","南部",2021,3.65,3.9,59.6,35.81,183.96,31.59,289.83,5.6693,1.2947271675944,"低薪",0,"南部","2021"
"屏東縣","南部",2022,3.725,3.7,59.5,37.3,193.08,30.74,287.76,5.6621,1.31506685183152,"低薪",0,"南部","2022"
"屏東縣","南部",2023,3.825,3.5,60,38.69,200.34,31.15,286.42,5.6575,1.3415584672785,"低薪",0,"南部","2023"
"屏東縣","南部",2024,3.9917,3.4,60.5,40.19,208.61,29.93,284.35,5.6502,1.38421720532469,"低薪",0,"南部","2024"
"彰化縣","中部",2019,3.4917,3.7,59,40.84,124.66,47.22,1184.67,7.0772,1.2503887236339,"低薪",0,"中部","2019"
"彰化縣","中部",2020,3.5167,3.8,59,41.8,131.73,47,1178.96,7.0724,1.25752304988203,"低薪",0,"中部","2020"
"彰化縣","中部",2021,3.575,3.8,59.3,41.09,140.28,45.65,1168.41,7.0634,1.27396517614597,"低薪",0,"中部","2021"
"彰化縣","中部",2022,3.6167,3.6,58.9,41.78,147.93,44.36,1159.01,7.0553,1.28556200786575,"低薪",0,"中部","2022"
"彰化縣","中部",2023,3.6917,3.5,59.8,45.21,156.62,44.07,1153.25,7.0503,1.3060870565677,"低薪",0,"中部","2023"
"彰化縣","中部",2024,3.9,3.4,59.3,46.89,167.31,44.89,1140.8,7.0395,1.3609765531356,"低薪",0,"中部","2024"
"新北市","北部",2019,4.2667,3.8,59.2,53.09,118.97,34.01,1957.89,7.5796,1.45084069472694,"高薪",1,"北部","2019"
"新北市","北部",2020,4.275,3.9,59.2,54.8,128.19,32.2,1963.86,7.5827,1.45278410238872,"高薪",1,"北部","2020"
"新北市","北部",2021,4.2917,4,58.7,57.05,137.58,32.27,1952.73,7.577,1.45668292484182,"高薪",1,"北部","2021"
"新北市","北部",2022,4.35,3.7,58.4,59.3,147.86,32.07,1946.61,7.5738,1.47017584510059,"高薪",1,"北部","2022"
"新北市","北部",2023,4.4417,3.5,58.6,61.64,159.43,32,1968.81,7.5852,1.49103718604607,"高薪",1,"北部","2023"
"新北市","北部",2024,4.6417,3.4,59.1,61.9,172.66,31.68,1971.68,7.5866,1.535080678448,"高薪",1,"北部","2024"
"新竹市","北部",2019,6.0083,3.7,58.8,61.82,73.35,43.97,4309.09,8.3685,1.79314184663731,"高薪",1,"北部","2019"
"新竹市","北部",2020,6.1167,3.8,58.6,63.83,77.41,41.88,4334.14,8.3743,1.8110227354089,"高薪",1,"北部","2020"
"新竹市","北部",2021,6.4167,3.8,58.8,67.13,81.77,42.63,4345.93,8.377,1.85890396685739,"高薪",1,"北部","2021"
"新竹市","北部",2022,6.8417,3.6,59.1,67.76,87.03,45.69,4344.33,8.3766,1.9230362387657,"高薪",1,"北部","2022"
"新竹市","北部",2023,7.0417,3.4,59.2,68.46,93.05,43.9,4382.75,8.3854,1.95184961829173,"高薪",1,"北部","2023"
"新竹市","北部",2024,7.5167,3.3,59.3,69.49,99.45,43.23,4390.12,8.3871,2.01712721186055,"高薪",1,"北部","2024"
"新竹縣","北部",2019,5.35,3.8,61,52.76,77.69,49.41,395.04,5.979,1.67709656090792,"高薪",1,"北部","2019"
"新竹縣","北部",2020,5.4083,3.8,61.7,53.31,80.43,47.41,399.83,5.991,1.68793481057485,"高薪",1,"北部","2020"
"新竹縣","北部",2021,5.7,3.8,59.7,53.4,83.55,50.3,403.2,5.9994,1.7404661748405,"高薪",1,"北部","2021"
"新竹縣","北部",2022,5.7667,3.7,60.4,55.51,86.71,53.52,406.65,6.008,1.75209999316574,"高薪",1,"北部","2022"
"新竹縣","北部",2023,5.9667,3.5,59.1,57.96,90.55,52.27,412.8,6.023,1.78619401075517,"高薪",1,"北部","2023"
"新竹縣","北部",2024,6.1333,3.3,60.1,59.7,95.69,53.91,416.55,6.032,1.81373294114945,"高薪",1,"北部","2024"
"桃園市","北部",2019,4.625,3.8,57.2,48.96,81.4,44.23,1842.03,7.5186,1.53147637096439,"高薪",1,"北部","2019"
"桃園市","北部",2020,4.6083,4,59,50.76,88.03,43.22,1858.22,7.5274,1.52785902544107,"高薪",1,"北部","2020"
"桃園市","北部",2021,4.7583,4,61,51.59,94.79,42.8,1861.16,7.529,1.55989046159549,"高薪",1,"北部","2021"
"桃園市","北部",2022,4.8333,3.7,61.6,54.05,101.89,43.12,1868.59,7.5329,1.57552946418291,"高薪",1,"北部","2022"
"桃園市","北部",2023,4.9333,3.5,61.5,56.26,109.48,43.36,1898.06,7.5486,1.59600813532238,"高薪",1,"北部","2023"
"桃園市","北部",2024,5.1333,3.4,61.8,56.42,118.11,42.18,1915.43,7.5577,1.6357487272239,"高薪",1,"北部","2024"
"澎湖縣","離島",2019,3.525,3.7,52.1,45.96,159.4,21.35,829.29,6.7206,1.25988043626423,"低薪",0,"離島","2019"
"澎湖縣","離島",2020,3.5667,3.9,51.7,45.63,165.71,21.46,835.16,6.7276,1.27164079855047,"低薪",0,"離島","2020"
"澎湖縣","離島",2021,3.5667,4.1,52.1,45.96,175.36,22.76,838.22,6.7313,1.27164079855047,"低薪",0,"離島","2021"
"澎湖縣","離島",2022,3.7083,3.8,55.1,45.34,184.14,23.92,845.18,6.7395,1.31057355057975,"低薪",0,"離島","2022"
"澎湖縣","離島",2023,3.8833,3.5,56.1,40.5,194.34,24.92,849.25,6.7444,1.35668530761577,"低薪",0,"離島","2023"
"澎湖縣","離島",2024,4.075,3.3,55.2,40.14,207.41,23.6,850.52,6.7458,1.40487074669283,"低薪",0,"離島","2024"
"臺中市","中部",2019,3.925,3.7,58.1,52.17,90.43,40.77,1271.06,7.1476,1.36736635123437,"低薪",0,"中部","2019"
"臺中市","中部",2020,3.9583,3.9,58.8,54.75,97.42,40.63,1273.55,7.1496,1.37581464016451,"低薪",0,"中部","2020"
"臺中市","中部",2021,3.9917,3.9,60.1,56.86,104.75,37.77,1270.26,7.147,1.38421720532469,"低薪",0,"中部","2021"
"臺中市","中部",2022,4.05,3.7,61,58.74,111.76,38.05,1270.7,7.1473,1.39871688111845,"低薪",0,"中部","2022"
"臺中市","中部",2023,4.125,3.5,60.9,59.66,118.89,37.78,1284.89,7.1584,1.41706601978664,"高薪",1,"中部","2023"
"臺中市","中部",2024,4.3083,3.4,61.1,60.02,127.29,38.86,1291.53,7.1636,1.46054339475255,"高薪",1,"中部","2024"
"臺北市","北部",2019,5.55,3.7,58.3,79.11,134.44,18.25,9731.58,9.1831,1.71379792775834,"高薪",1,"北部","2019"
"臺北市","北部",2020,5.6667,3.9,58.5,80.82,143.86,18.63,9574.76,9.1669,1.73460693772375,"高薪",1,"北部","2020"
"臺北市","北部",2021,5.6917,4,57.7,83.58,154.43,19.14,9287.7,9.1364,1.73900897328697,"高薪",1,"北部","2021"
"臺北市","北部",2022,5.8417,3.7,56,83.58,166.1,19.1,9126.87,9.119,1.76502185037036,"高薪",1,"北部","2022"
"臺北市","北部",2023,5.9,3.5,55.7,81.39,178.4,18.27,9241.68,9.1315,1.77495235091167,"高薪",1,"北部","2023"
"臺北市","北部",2024,6.125,3.5,55.6,82.1,189.57,18.28,9164.36,9.1231,1.81237875643079,"高薪",1,"北部","2024"
"臺南市","南部",2019,4.0333,3.7,63.1,45.9,130.09,41.58,858.21,6.7548,1.39458489943762,"低薪",0,"南部","2019"
"臺南市","南部",2020,4.05,3.8,62.1,46.25,138.39,43.1,855.48,6.7517,1.39871688111845,"低薪",0,"南部","2020"
"臺南市","南部",2021,4.0917,3.9,60.1,46.89,147.64,44.36,849.61,6.7448,1.4089605316188,"低薪",0,"南部","2021"
"臺南市","南部",2022,4.1417,3.6,61.2,47.71,156.53,43.64,845.48,6.7399,1.42110633157193,"高薪",1,"南部","2022"
"臺南市","南部",2023,4.2667,3.5,61.2,49.74,164.89,42.76,848.65,6.7436,1.45084069472694,"高薪",1,"南部","2023"
"臺南市","南部",2024,4.4833,3.4,61.2,50.59,174.53,43.04,848.06,6.743,1.50035938240786,"高薪",1,"南部","2024"
"臺東縣","東部",2019,3.5917,3.6,59.4,31.91,144.21,18.34,61.67,4.1218,1.2786256280211,"低薪",0,"東部","2019"
"臺東縣","東部",2020,3.6417,3.7,58.2,33.54,152.81,18.24,61.24,4.1148,1.29245060558973,"低薪",0,"東部","2020"
"臺東縣","東部",2021,3.6833,3.8,58.3,34.74,161.95,17.66,60.7,4.1059,1.30380908948095,"低薪",0,"東部","2021"
"臺東縣","東部",2022,3.7833,3.6,57.8,34.65,168.78,16.61,60.47,4.1021,1.3305966446478,"低薪",0,"東部","2022"
"臺東縣","東部",2023,3.8917,3.4,59.7,37.66,176.26,18.06,60.18,4.0973,1.35884608016066,"低薪",0,"東部","2023"
"臺東縣","東部",2024,4.025,3.3,59.5,38.76,183.72,18.37,59.8,4.091,1.39252491087053,"低薪",0,"東部","2024"
"花蓮縣","東部",2019,3.775,3.6,56.9,44.65,140.16,23.74,70.49,4.2555,1.32840038270099,"低薪",0,"東部","2019"
"花蓮縣","東部",2020,3.875,3.7,56.2,46.61,149.15,23.74,70.08,4.2496,1.35454566280531,"低薪",0,"東部","2020"
"花蓮縣","東部",2021,3.9167,3.8,55.2,48.54,158.48,21.82,69.43,4.2403,1.36524946252414,"低薪",0,"東部","2021"
"花蓮縣","東部",2022,4,3.5,56.7,47.76,167.55,21.68,68.9,4.2327,1.38629436111989,"低薪",0,"東部","2022"
"花蓮縣","東部",2023,4.1333,3.3,58,43.91,176.45,22.07,68.59,4.2281,1.41907611939423,"高薪",1,"東部","2023"
"花蓮縣","東部",2024,4.2,3.3,58.1,43.83,188.05,21.98,68.14,4.2216,1.43508452528932,"高薪",1,"東部","2024"
"苗栗縣","中部",2019,4.3583,3.7,58.5,42.48,135.04,46.43,299.65,5.7026,1.47208207307007,"高薪",1,"中部","2019"
"苗栗縣","中部",2020,4.375,3.7,58.3,45.74,142,46.22,298.07,5.6973,1.47590651980958,"高薪",1,"中部","2020"
"苗栗縣","中部",2021,4.475,3.9,58.3,47.94,149.75,47.65,295.65,5.6892,1.49850635172682,"高薪",1,"中部","2021"
"苗栗縣","中部",2022,4.6167,3.6,59.3,46.57,157.36,47.86,293.98,5.6835,1.52968016415578,"高薪",1,"中部","2022"
"苗栗縣","中部",2023,4.725,3.5,59.9,49.19,163.96,44.81,293.67,5.6825,1.55286756094571,"高薪",1,"中部","2023"
"苗栗縣","中部",2024,4.925,3.3,59,51.57,172.51,45.82,292.73,5.6793,1.59432427462405,"高薪",1,"中部","2024"
"連江縣","離島",2019,NA,0.1,70.8,45.99,102.34,19.37,454.48,6.1192,NA,NA,NA,"離島","2019"
"連江縣","離島",2020,NA,0.6,74.9,53.36,111.36,20.7,461.08,6.1336,NA,NA,NA,"離島","2020"
"連江縣","離島",2021,NA,0.4,75,49.85,123.93,18.12,473.78,6.1607,NA,NA,NA,"離島","2021"
"連江縣","離島",2022,NA,0.2,73.9,51.43,137.04,19.98,485.52,6.1852,NA,NA,NA,"離島","2022"
"連江縣","離島",2023,NA,0.2,73.6,55.11,146.56,19.75,487.47,6.1892,NA,NA,NA,"離島","2023"
"連江縣","離島",2024,NA,0.1,71.9,54.98,162.73,20.68,484.38,6.1829,NA,NA,NA,"離島","2024"
"金門縣","離島",2019,NA,1.1,57.2,42.15,148.93,24.08,924.36,6.8291,NA,NA,NA,"離島","2019"
"金門縣","離島",2020,NA,1.9,56.9,44.32,161.08,26.9,927.08,6.832,NA,NA,NA,"離島","2020"
"金門縣","離島",2021,NA,3.1,56.6,48.55,176.72,23.87,933.29,6.8387,NA,NA,NA,"離島","2021"
"金門縣","離島",2022,NA,1.3,57.8,51.26,196.01,24.55,931.68,6.837,NA,NA,NA,"離島","2022"
"金門縣","離島",2023,NA,1.2,57.1,51.25,212.03,24.43,950.5,6.857,NA,NA,NA,"離島","2023"
"金門縣","離島",2024,NA,1.2,57.3,51.25,232.16,25.42,946.89,6.8532,NA,NA,NA,"離島","2024"
"雲林縣","南部",2019,4.025,3.6,59.9,36.59,164.31,34.46,527.8,6.2687,1.39252491087053,"低薪",0,"南部","2019"
"雲林縣","南部",2020,4.025,3.8,59,36.85,172.97,34.91,524.37,6.2622,1.39252491087053,"低薪",0,"南部","2020"
"雲林縣","南部",2021,4.0083,3.8,59,35.69,182.08,34.5,519.15,6.2522,1.38836721128082,"低薪",0,"南部","2021"
"雲林縣","南部",2022,4.0333,3.6,59.8,35.77,190.12,32.94,514.47,6.2431,1.39458489943762,"低薪",0,"南部","2022"
"雲林縣","南部",2023,4.2083,3.5,58.9,38.66,197.8,33.1,510.89,6.2362,1.43705876566987,"高薪",1,"南部","2023"
"雲林縣","南部",2024,4.4417,3.4,59,39.61,198.8,32.84,510.08,6.2346,1.49103718604607,"高薪",1,"南部","2024"
"高雄市","南部",2019,4.125,3.7,58.2,51.2,133.5,36.47,939.48,6.8453,1.41706601978664,"高薪",1,"南部","2019"
"高雄市","南部",2020,4.1667,3.8,57.6,51.7,142.74,36.98,937.02,6.8427,1.42712435560815,"高薪",1,"南部","2020"
"高雄市","南部",2021,4.1917,3.9,58.6,53.19,152.25,37.45,929.82,6.835,1.43310637957236,"高薪",1,"南部","2021"
"高雄市","南部",2022,4.2417,3.6,58.8,54.72,161.78,36.4,924.21,6.8289,1.44496413228377,"高薪",1,"南部","2022"
"高雄市","南部",2023,4.3167,3.4,58.9,55.53,170.97,36.72,927.45,6.8324,1.46249122145534,"高薪",1,"南部","2023"
"高雄市","南部",2024,4.5167,3.3,58.2,57.54,181.28,35.99,925.24,6.8301,1.50778163870417,"高薪",1,"南部","2024"
