"county","region","year","wage","unemp_rate","lfpr","college_pct","aging_idx","industry_pct","density","log_density","log_wage","wage_level","high_wage","region_f","year_f","wage_z","unemp_rate_z","lfpr_z","college_pct_z","aging_idx_z","log_density_z","industry_pct_z"
"南投縣","中部",2019,3.7417,3.7,62.3,40.06,166.16,27.04,120.33,4.7902,1.31954005360649,"低薪",0,"中部","2019",-0.775879179154791,0.344322992079922,0.804445729692088,-0.874974841918081,0.270791412574907,-1.34798236570319,-0.587242459058046
"南投縣","中部",2020,3.8,3.8,60.3,39.62,174.78,26.97,119.53,4.7836,1.33500106673234,"低薪",0,"中部","2020",-0.703989133113184,0.462684020607394,0.256949796104279,-0.913425380497294,0.481202309406446,-1.35303754545755,-0.59449818263755
"南投縣","中部",2021,3.8333,3.9,58.3,40.94,184.95,29.25,118.08,4.7714,1.34372605101111,"低薪",0,"中部","2021",-0.662926722595422,0.581045049134867,-0.290546137483531,-0.798073764759656,0.729448112280779,-1.36238196863984,-0.358168900333702
"南投縣","中部",2022,3.8917,3.6,59.8,41.1,195.74,27.27,116.79,4.7604,1.35884608016066,"低薪",0,"中部","2022",-0.59091336601172,0.225961963552448,0.120075812707326,-0.784091750730851,0.99282787757223,-1.37080726823043,-0.563402224439675
"南投縣","中部",2023,3.9417,3.5,60.1,42.01,203.8,28.44,116.18,4.7551,1.37161210233375,"低薪",0,"中部","2023",-0.52925809496403,0.107600935024975,0.202200202745499,-0.704569045942025,1.18956938899476,-1.37486673076045,-0.442127987467964
"南投縣","中部",2024,4.1583,3.3,59.9,41.45,214.33,27.45,115.01,4.745,1.42510633690528,"高薪",1,"中部","2024",-0.262167460785437,-0.129121122029971,0.147450609386717,-0.753506095042841,1.44660265391774,-1.38260268765726,-0.54474464952095
"嘉義市","南部",2019,3.6417,3.7,59.5,62.67,115.26,26.77,4459.6,8.4028,1.29245060558973,"低薪",0,"南部","2019",-0.89918972125017,0.344322992079922,0.0379514226691555,1.10085851552737,-0.971658082636848,1.41903920711261,-0.615228821436133
"嘉義市","南部",2020,3.7667,3.7,60.3,62.31,123.41,26.33,4431.53,8.3965,1.32619928656855,"低薪",0,"南部","2020",-0.745051543630945,0.344322992079922,0.256949796104279,1.06939898396256,-0.772719705702156,1.41421380825618,-0.660836226793016
"嘉義市","南部",2021,3.7917,4,55.8,65.89,131.28,29.02,4410.23,8.3917,1.33281446733905,"低薪",0,"南部","2021",-0.7142239081071,0.69940607766234,-0.974916054468293,1.38224654785706,-0.580616021471969,1.41053731388938,-0.382009134952073
"嘉義市","南部",2022,3.8583,3.6,55.8,65.66,139.69,28.56,4380.2,8.3848,1.35022667195801,"低薪",0,"南部","2022",-0.632099087071577,0.225961963552448,-0.974916054468293,1.36214740269065,-0.375331144168809,1.4052523532371,-0.429689604188814
"嘉義市","南部",2023,3.9083,3.5,55.9,65.32,147.8,27.17,4391.19,8.3874,1.36310249684321,"低薪",0,"南部","2023",-0.570443816023887,0.107600935024975,-0.947541257788902,1.33243562287944,-0.177369151906189,1.40724378768578,-0.573767543838967
"嘉義市","南部",2024,4.0917,3.3,56.7,65.83,156.08,26.66,4367.75,8.382,1.4089605316188,"低薪",0,"南部","2024",-0.344292281820959,-0.129121122029971,-0.728542884353777,1.37700329259626,0.0247424752127367,1.40310773152313,-0.626630672775354
"嘉義縣","南部",2019,3.7833,3.7,60.5,32.52,213.05,32.61,264.29,5.577,1.3305966446478,"低薪",0,"南部","2019",-0.724581993643112,0.344322992079922,0.31169938946306,-1.5338772530255,1.41535834441143,-0.745343664077916,-0.00989416851750543
"嘉義縣","南部",2020,3.8083,3.8,59,33.09,226.15,32.58,262.38,5.5698,1.33718289533862,"低薪",0,"南部","2020",-0.693754358119267,0.462684020607394,-0.0989225607277969,-1.48406632804788,1.73512432451505,-0.750858405628122,-0.013003764337293
"嘉義縣","南部",2021,3.825,3.9,59,33.87,240.68,30.73,259.14,5.5574,1.3415584672785,"低薪",0,"南部","2021",-0.673161497589338,0.581045049134867,-0.0989225607277969,-1.41590400965746,2.08979605664524,-0.760356016075699,-0.204762173224187
"嘉義縣","南部",2022,3.8667,3.6,60.2,34.58,252.45,32.8,256.43,5.5469,1.35240143009671,"低薪",0,"南部","2022",-0.621741001535565,0.225961963552448,0.22957499942489,-1.35385882240464,2.37709724640246,-0.768398347503083,0.00979993834114832
"嘉義縣","南部",2023,3.975,3.5,59,35.7,263.11,32.13,254.54,5.5395,1.3800247481063,"低薪",0,"南部","2023",-0.488195684446268,0.107600935024975,-0.0989225607277969,-1.25598472420301,2.63730376150967,-0.774066276318572,-0.0596477016341046
"嘉義縣","南部",2024,4.1833,3.4,59.4,33.51,276.29,31.34,251.51,5.5275,1.43110040875045,"高薪",1,"南部","2024",-0.231339825261591,-0.0107600935024977,0.0105766259897646,-1.44736354122227,2.95902251095743,-0.783257512235582,-0.141533724888508
"基隆市","北部",2019,4.2333,3.8,57.5,51.53,159.84,27.43,2778.67,7.9297,1.44298183074969,"高薪",1,"北部","2019",-0.169684554213901,0.462684020607394,-0.509544510918654,0.127360788771848,0.116522634387514,1.0566747310845,-0.546817713400809
"基隆市","北部",2020,4.2083,4,57,51.72,171.76,28.28,2768.76,7.9262,1.43705876566987,"高薪",1,"北部","2020",-0.200512189737746,0.69940607766234,-0.646418494315606,0.143964430431053,0.407485266665002,1.05399395394204,-0.45871249850683
"基隆市","北部",2021,4.2167,4,55.5,53.51,184.22,29.34,2741.64,7.9163,1.43905283161251,"高薪",1,"北部","2021",-0.190154104201734,0.69940607766234,-1.05704044450646,0.300388212378305,0.711629092015463,1.04641118431051,-0.34884011287434
"基隆市","北部",2022,4.3167,3.8,56.6,55.84,196.12,30.3,2723.18,7.9096,1.46249122145534,"高薪",1,"北部","2022",-0.0668435621063538,0.462684020607394,-0.755917681033168,0.504001291672772,1.00210353195691,1.04127941092351,-0.249333046641141
"基隆市","北部",2023,4.4083,3.5,56.5,57.57,209.87,27.23,2728.67,7.9116,1.48348912761099,"高薪",1,"北部","2023",0.0461088944530142,0.107600935024975,-0.783292477712559,0.655181818359222,1.3377357629817,1.04281128357634,-0.567548352199392
"基隆市","北部",2024,4.6083,3.5,56.5,60.45,224.53,26.12,2722.54,7.9093,1.52785902544107,"高薪",1,"北部","2024",0.292729978643775,0.107600935024975,-0.783292477712559,0.906858070877704,1.69558074529613,1.04104963002558,-0.682603397531528
"宜蘭縣","東部",2019,3.9167,3.7,61.4,43.93,140.17,30.81,211.87,5.356,1.36524946252414,"低薪",0,"東部","2019",-0.560085730487875,0.344322992079922,0.558072559577574,-0.53678487759637,-0.363614528103944,-0.91461559221618,-0.196469917704754
"宜蘭縣","東部",2020,3.9417,3.9,61.6,41.68,147.93,32.51,211.36,5.3536,1.37161210233375,"低薪",0,"東部","2020",-0.52925809496403,0.581045049134867,0.612822152936356,-0.733406949876435,-0.174195901721955,-0.916453839399582,-0.0202594879167971
"宜蘭縣","東部",2021,3.975,4,59.4,40.2,155.9,33.72,210.25,5.3483,1.3800247481063,"低薪",0,"東部","2021",-0.488195684446268,0.69940607766234,0.0105766259897646,-0.862740579642877,0.0203487441884121,-0.920513301929595,0.105160876814631
"宜蘭縣","東部",2022,4.05,3.7,57,43.32,163.33,32.24,209.49,5.3447,1.39871688111845,"低薪",0,"東部","2022",-0.395712777874733,0.344322992079922,-0.646418494315606,-0.590091306081188,0.201712197025806,-0.923270672704698,-0.048245850294884
"宜蘭縣","東部",2023,4.1667,3.5,58.3,46.47,170.45,31.64,209.87,5.3465,1.42712435560815,"高薪",1,"東部","2023",-0.251809375249425,0.107600935024975,-0.290546137483531,-0.314820404889097,0.37550866865464,-0.921891987317146,-0.110437766690634
"宜蘭縣","東部",2024,4.25,3.4,58.3,48.35,179.02,29.37,209.56,5.345,1.44691898293633,"高薪",1,"東部","2024",-0.149091693683972,-0.0107600935024977,-0.290546137483531,-0.150531740050643,0.58469908464609,-0.923040891806773,-0.345730517054552
"屏東縣","南部",2019,3.5333,3.7,61.9,36.7,163.81,31.32,295.14,5.6874,1.26223227844315,"低薪",0,"南部","2019",-1.03285834888156,0.344322992079922,0.694946542974527,-1.16859713652298,0.213428813090671,-0.660784293641426,-0.143606788768367
"屏東縣","南部",2020,3.5917,3.8,61.2,35.64,173.76,32.1,292.79,5.6795,1.2786256280211,"低薪",0,"南部","2020",-0.960844992297861,0.462684020607394,0.503322966218794,-1.26122797946381,0.456304500268607,-0.666835190620124,-0.0627572974538922
"屏東縣","南部",2021,3.65,3.9,59.6,35.81,183.96,31.59,289.83,5.6693,1.2947271675944,"低薪",0,"南部","2021",-0.888954946256254,0.581045049134867,0.0653262193485463,-1.2463720895582,0.705282591646995,-0.674647741149582,-0.115620426390279
"屏東縣","南部",2022,3.725,3.7,59.5,37.3,193.08,30.74,287.76,5.6621,1.31506685183152,"低薪",0,"南部","2022",-0.796472039684719,0.344322992079922,0.0379514226691555,-1.11616458391496,0.927898296879435,-0.680162482699789,-0.203725641284258
"屏東縣","南部",2023,3.825,3.5,60,38.69,200.34,31.15,286.42,5.6575,1.3415584672785,"低薪",0,"南部","2023",-0.673161497589338,0.107600935024975,0.174825406066108,-0.994695837039721,1.10511211486052,-0.683685789801309,-0.161227831747162
"屏東縣","南部",2024,3.9917,3.4,60.5,40.19,208.61,29.93,284.35,5.6502,1.38421720532469,"低薪",0,"南部","2024",-0.46760282391634,-0.0107600935024977,0.31169938946306,-0.863614455519678,1.30697964581143,-0.689277124984156,-0.287684728418519
"彰化縣","中部",2019,3.4917,3.7,59,40.84,124.66,47.22,1184.67,7.0772,1.2503887236339,"低薪",0,"中部","2019",-1.08415553439324,0.344322992079922,-0.0989225607277969,-0.806812523527658,-0.742207684699903,0.403714012813594,1.50447899571899
"彰化縣","中部",2020,3.5167,3.8,59,41.8,131.73,47,1178.96,7.0724,1.25752304988203,"低薪",0,"中部","2020",-1.0533278988694,0.462684020607394,-0.0989225607277969,-0.722920439354831,-0.569631693911158,0.40003751844679,1.48167529304055
"彰化縣","中部",2021,3.575,3.8,59.3,41.09,140.28,45.65,1168.41,7.0634,1.27396517614597,"低薪",0,"中部","2021",-0.981437852827789,0.462684020607394,-0.0167981706896263,-0.784965626607651,-0.360929470255746,0.393144091509033,1.34174348115011
"彰化縣","中部",2022,3.6167,3.6,58.9,41.78,147.93,44.36,1159.01,7.0553,1.28556200786575,"低薪",0,"中部","2022",-0.930017356774016,0.225961963552448,-0.126297357407188,-0.724668191108432,-0.174195901721955,0.386940007265051,1.20803086089925
"彰化縣","中部",2023,3.6917,3.5,59.8,45.21,156.62,44.07,1153.25,7.0503,1.3060870565677,"低薪",0,"中部","2023",-0.837534450202481,0.107600935024975,0.120075812707326,-0.424928765365933,0.03792366828571,0.383110325632964,1.17797143464131
"彰化縣","中部",2024,3.9,3.4,59.3,46.89,167.31,44.89,1140.8,7.0395,1.3609765531356,"低薪",0,"中部","2024",-0.580678591017804,-0.0107600935024977,-0.0167981706896263,-0.278117618063485,0.29886247189698,0.374838213307655,1.2629670537155
"新北市","北部",2019,4.2667,3.8,59.2,53.09,118.97,34.01,1957.89,7.5796,1.45084069472694,"高薪",1,"北部","2019",-0.128498833154044,0.462684020607394,-0.0441729673690152,0.263685425552693,-0.88109840430216,0.788520423205739,0.135220303072576
"新北市","北部",2020,4.275,3.9,59.2,54.8,128.19,32.2,1963.86,7.5827,1.45278410238872,"高薪",1,"北部","2020",-0.118264058160127,0.581045049134867,-0.0441729673690152,0.413118200485542,-0.65604173738954,0.790894825817633,-0.0523919780546005
"新北市","北部",2021,4.2917,4,58.7,57.05,137.58,32.27,1952.73,7.577,1.45668292484182,"高薪",1,"北部","2021",-0.0976711976301993,0.69940607766234,-0.181046950765968,0.609740272765606,-0.426835435620612,0.786528988757053,-0.0451362544750964
"新北市","北部",2022,4.35,3.7,58.4,59.3,147.86,32.07,1946.61,7.5738,1.47017584510059,"高薪",1,"北部","2022",-0.0257811515885926,0.344322992079922,-0.26317134080414,0.806362345045671,-0.175904574898081,0.784077992512517,-0.0658668932736798
"新北市","北部",2023,4.4417,3.5,58.6,61.64,159.43,32,1968.81,7.5852,1.49103718604607,"高薪",1,"北部","2023",0.0872946155128716,0.107600935024975,-0.208421747445358,1.01084930021694,0.106514691498775,0.792809666633677,-0.0731226168531839
"新北市","北部",2024,4.6417,3.4,59.1,61.9,172.66,31.68,1971.68,7.5866,1.535080678448,"高薪",1,"北部","2024",0.333915699703632,-0.0107600935024977,-0.0715477640484061,1.03357007301375,0.429453921786624,0.793881977490661,-0.106291638930917
"新竹市","北部",2019,6.0083,3.7,58.8,61.82,73.35,43.97,4309.09,8.3685,1.79314184663731,"高薪",1,"北部","2019",2.0190775679791,0.344322992079922,-0.153672154086579,1.02657906599934,-1.9946651228004,1.39276759111649,1.16760611524202
"新竹市","北部",2020,6.1167,3.8,58.6,63.83,77.41,41.88,4334.14,8.3743,1.8110227354089,"高薪",1,"北部","2020",2.15274619561049,0.462684020607394,-0.208421747445358,1.2022281172362,-1.89556207858508,1.39721002180971,0.950970939796823
"新竹市","北部",2021,6.4167,3.8,58.8,67.13,81.77,42.63,4345.93,8.377,1.85890396685739,"高薪",1,"北部","2021",2.52267782189663,0.462684020607394,-0.153672154086579,1.4906071565803,-1.78913614932922,1.39927804989104,1.02871083529151
"新竹市","北部",2022,6.8417,3.6,59.1,67.76,87.03,45.69,4344.33,8.3766,1.9230362387657,"高薪",1,"北部","2022",3.046747625802,0.225961963552448,-0.0715477640484061,1.54566133681871,-1.66074156495174,1.39897167536047,1.34588960890983
"新竹市","北部",2023,7.0417,3.4,59.2,68.46,93.05,43.9,4382.75,8.3854,1.95184961829173,"高薪",1,"北部","2023",3.29336870999276,-0.0107600935024977,-0.0441729673690152,1.60683264819473,-1.51379567180488,1.40571191503295,1.16035039166251
"新竹市","北部",2024,7.5167,3.3,59.3,69.49,99.45,43.23,4390.12,8.3871,2.01712721186055,"高薪",1,"北部","2024",3.87909378494582,-0.129121122029971,-0.0167981706896263,1.69684186350516,-1.35757412427335,1.40701400678786,1.09090275168726
"新竹縣","北部",2019,5.35,3.8,61,52.76,77.69,49.41,395.04,5.979,1.67709656090792,"高薪",1,"北部","2019",1.20732426936521,0.462684020607394,0.448573372860013,0.234847521618283,-1.88872738588057,-0.437437260858087,1.73147949056348
"新竹縣","北部",2020,5.4083,3.8,61.7,53.31,80.43,47.41,399.83,5.991,1.68793481057485,"高薪",1,"北部","2020",1.27921431540682,0.462684020607394,0.640196949615747,0.282910694842299,-1.82184503584363,-0.428246024941078,1.52417310257765
"新竹縣","北部",2021,5.7,3.8,59.7,53.4,83.55,50.3,403.2,5.9994,1.7404661748405,"高薪",1,"北部","2021",1.63891116669904,0.462684020607394,0.0927010160279372,0.290775577733502,-1.74568703142201,-0.421812159799171,1.82373083321717
"新竹縣","北部",2022,5.7667,3.7,60.4,55.51,86.71,53.52,406.65,6.008,1.75209999316574,"高薪",1,"北部","2022",1.72115929827666,0.344322992079922,0.284324592783669,0.475163387738362,-1.66855264232831,-0.41522510739198,2.15749411787436
"新竹縣","北部",2023,5.9667,3.5,59.1,57.96,90.55,52.27,412.8,6.023,1.78619401075517,"高薪",1,"北部","2023",1.96778038246742,0.107600935024975,-0.0715477640484061,0.689262977554433,-1.57481971380939,-0.403736062495718,2.02792762538322
"新竹縣","北部",2024,6.1333,3.3,60.1,59.7,95.69,53.91,416.55,6.032,1.81373294114945,"高薪",1,"北部","2024",2.17321574559832,-0.129121122029971,0.202200202745499,0.841317380117683,-1.44935428344813,-0.396842635557961,2.1979188635316
"桃園市","北部",2019,4.625,3.8,57.2,48.96,81.4,44.23,1842.03,7.5186,1.53147637096439,"高薪",1,"北部","2019",0.313322839173704,0.462684020607394,-0.591668900956825,-0.0972253115658256,-1.79816770754589,0.741798307294272,1.19455594568017
"桃園市","北部",2020,4.6083,4,59,50.76,88.03,43.22,1858.22,7.5274,1.52785902544107,"高薪",1,"北部","2020",0.292729978643775,0.69940607766234,-0.0989225607277969,0.0600723462582258,-1.63633194814993,0.748538546966746,1.08986621974733
"桃園市","北部",2021,4.7583,4,61,51.59,94.79,42.8,1861.16,7.529,1.55989046159549,"高薪",1,"北部","2021",0.477695791786846,0.69940607766234,0.448573372860013,0.13260404403265,-1.47132293856975,0.749764045089014,1.04633187827031
"桃園市","北部",2022,4.8333,3.7,61.6,54.05,101.89,43.12,1868.59,7.5329,1.57552946418291,"高薪",1,"北部","2022",0.570178698358381,0.344322992079922,0.612822152936356,0.34757750972552,-1.29801465927695,0.752751196762042,1.07950090034804
"桃園市","北部",2023,4.9333,3.5,61.5,56.26,109.48,43.36,1898.06,7.5486,1.59600813532238,"高薪",1,"北部","2023",0.693489240453761,0.107600935024975,0.585447356256965,0.540704078498384,-1.11274566775127,0.764776397086797,1.10437766690634
"桃園市","北部",2024,5.1333,3.4,61.8,56.42,118.11,42.18,1915.43,7.5577,1.6357487272239,"高薪",1,"北部","2024",0.940110324644522,-0.0107600935024977,0.667571746295136,0.554686092527189,-0.90209067475171,0.771746417657195,0.982066897994698
"澎湖縣","離島",2019,3.525,3.7,52.1,45.96,159.4,21.35,829.29,6.7206,1.25988043626423,"低薪",0,"離島","2019",-1.04309312387548,0.344322992079922,-1.98778353160574,-0.359388074605912,0.105782402994721,0.130581118813119,-1.17702913287774
"澎湖縣","離島",2020,3.5667,3.9,51.7,45.63,165.71,21.46,835.16,6.7276,1.27164079855047,"低薪",0,"離島","2020",-0.991672627821706,0.581045049134867,-2.0972827183233,-0.388225978540321,0.259807085014096,0.135942673098041,-1.16562728153852
"澎湖縣","離島",2021,3.5667,4.1,52.1,45.96,175.36,22.76,838.22,6.7313,1.27164079855047,"低薪",0,"離島","2021",-0.991672627821706,0.817767106189813,-1.98778353160574,-0.359388074605912,0.495359887151492,0.138776637505786,-1.03087812934772
"澎湖縣","離島",2022,3.7083,3.8,55.1,45.34,184.14,23.92,845.18,6.7395,1.31057355057975,"低薪",0,"離島","2022",-0.817064900214648,0.462684020607394,-1.16653963122403,-0.413568378967529,0.709676322671319,0.145057315382409,-0.910640424315942
"澎湖縣","離島",2023,3.8833,3.5,56.1,40.5,194.34,24.92,849.25,6.7444,1.35668530761577,"低薪",0,"離島","2023",-0.601271451547732,0.107600935024975,-0.89279166443012,-0.836524303338869,0.958654414049706,0.148810403381855,-0.806987230323027
"澎湖縣","離島",2024,4.075,3.3,55.2,40.14,207.41,23.6,850.52,6.7458,1.40487074669283,"低薪",0,"離島","2024",-0.364885142350888,-0.129121122029971,-1.13916483454463,-0.867983834903679,1.27768810564927,0.14988271423884,-0.943809446393676
"臺中市","中部",2019,3.925,3.7,58.1,52.17,90.43,40.77,1271.06,7.1476,1.36736635123437,"低薪",0,"中部","2019",-0.549850955493959,0.344322992079922,-0.345295730842311,0.183288844887067,-1.57774886782561,0.457635930193385,0.835915894464687
"臺中市","中部",2020,3.9583,3.9,58.8,54.75,97.42,40.63,1273.55,7.1496,1.37581464016451,"低薪",0,"中部","2020",-0.508788544976197,0.581045049134867,-0.153672154086579,0.40874882110154,-1.40712564638101,0.45916780284622,0.821404447305679
"臺中市","中部",2021,3.9917,3.9,60.1,56.86,104.75,37.77,1270.26,7.147,1.38421720532469,"低薪",0,"中部","2021",-0.46760282391634,0.581045049134867,0.202200202745499,0.593136631106401,-1.22820315522379,0.457176368397535,0.52495631248594
"臺中市","中部",2022,4.05,3.7,61,58.74,111.76,38.05,1270.7,7.1473,1.39871688111845,"低薪",0,"中部","2022",-0.395712777874733,0.344322992079922,0.448573372860013,0.757425295944855,-1.05709174144316,0.45740614929546,0.553979206803956
"臺中市","中部",2023,4.125,3.5,60.9,59.66,118.89,37.78,1284.89,7.1584,1.41706601978664,"高薪",1,"中部","2023",-0.303229871303198,0.107600935024975,0.421198576180622,0.837821876610481,-0.883051173646304,0.465908042518694,0.525992844425869
"臺中市","中部",2024,4.3083,3.4,61.1,60.02,127.29,38.86,1291.53,7.1636,1.46054339475255,"高薪",1,"中部","2024",-0.0772016476423657,-0.0107600935024977,0.475948169539404,0.869281408175292,-0.678010392511162,0.469890911416065,0.637938293938218
"臺北市","北部",2019,5.55,3.7,58.3,79.11,134.44,18.25,9731.58,9.1831,1.71379792775834,"高薪",1,"北部","2019",1.45394535355597,0.344322992079922,-0.290546137483531,2.53751045698704,-0.503481632378273,2.01669932261617,-1.49835403425577
"臺北市","北部",2020,5.6667,3.9,58.5,80.82,143.86,18.63,9574.76,9.1669,1.73460693772375,"高薪",1,"北部","2020",1.59784875618128,0.581045049134867,-0.235796544124749,2.68694323191989,-0.273543042105292,2.00429115412821,-1.45896582053847
"臺北市","北部",2021,5.6917,4,57.7,83.58,154.43,19.14,9287.7,9.1364,1.73900897328697,"高薪",1,"北部","2021",1.62867639170513,0.69940607766234,-0.454794917559872,2.92813297391677,-0.0155333925102378,1.98093009617248,-1.40610269160208
"臺北市","北部",2022,5.8417,3.7,56,83.58,166.1,19.1,9126.87,9.119,1.76502185037036,"高薪",1,"北部","2022",1.8136422048482,0.344322992079922,-0.920166461109511,2.92813297391677,0.269326835566799,1.96760280409281,-1.4102488193618
"臺北市","北部",2023,5.9,3.5,55.7,81.39,178.4,18.27,9241.68,9.1315,1.77495235091167,"高薪",1,"北部","2023",1.8855322508898,0.107600935024975,-1.00229085114768,2.73675415689751,0.569565122228972,1.97717700817303,-1.49628097037592
"臺北市","北部",2024,6.125,3.5,55.6,82.1,189.57,18.28,9164.36,9.1231,1.81237875643079,"高薪",1,"北部","2024",2.16298097060441,0.107600935024975,-1.02966564782707,2.79879934415032,0.842220541905107,1.97074314303113,-1.49524443843599
"臺南市","南部",2019,4.0333,3.7,63.1,45.9,130.09,41.58,858.21,6.7548,1.39458489943762,"低薪",0,"南部","2019",-0.416305638404662,0.344322992079922,1.02344410312721,-0.364631329866714,-0.609663465466114,0.156776141176597,0.919874981598948
"臺南市","南部",2020,4.05,3.8,62.1,46.25,138.39,43.1,855.48,6.7517,1.39871688111845,"低薪",0,"南部","2020",-0.395712777874733,0.462684020607394,0.749696136333308,-0.334045674178703,-0.407063646011153,0.154401738564703,1.07742783646818
"臺南市","南部",2021,4.0917,3.9,60.1,46.89,147.64,44.36,849.61,6.7448,1.4089605316188,"低薪",0,"南部","2021",-0.344292281820959,0.581045049134867,0.202200202745499,-0.278117618063485,-0.181274690594478,0.149116777912422,1.20803086089925
"臺南市","南部",2022,4.1417,3.6,61.2,47.71,156.53,43.64,845.48,6.7399,1.42110633157193,"高薪",1,"南部","2022",-0.282637010773269,0.225961963552448,0.503322966218794,-0.206459796165861,0.0357268027735476,0.145363689912976,1.13340056122435
"臺南市","南部",2023,4.2667,3.5,61.2,49.74,164.89,42.76,848.65,6.7436,1.45084069472694,"高薪",1,"南部","2023",-0.128498833154044,0.107600935024975,0.503322966218794,-0.0290629931754031,0.239791199236617,0.148197654320721,1.04218575051059
"臺南市","南部",2024,4.4833,3.4,61.2,50.59,174.53,43.04,848.06,6.743,1.50035938240786,"高薪",1,"南部","2024",0.13859180102455,-0.0107600935024977,0.503322966218794,0.0452164563526214,0.475099905205995,0.147738092524871,1.07120864482861
"臺東縣","東部",2019,3.5917,3.6,59.4,31.91,144.21,18.34,61.67,4.1218,1.2786256280211,"低薪",0,"東部","2019",-0.960844992297861,0.225961963552448,0.0105766259897646,-1.58718368151032,-0.264999676224661,-1.85993420628064,-1.48902524679641
"臺東縣","東部",2020,3.6417,3.7,58.2,33.54,152.81,18.24,61.24,4.1148,1.29245060558973,"低薪",0,"東部","2020",-0.89918972125017,0.344322992079922,-0.31792093416292,-1.44474191359187,-0.0550769717291582,-1.86529576056556,-1.4993905661957
"臺東縣","東部",2021,3.6833,3.8,58.3,34.74,161.95,17.66,60.7,4.1059,1.30380908948095,"低薪",0,"東部","2021",-0.847892535738493,0.462684020607394,-0.290546137483531,-1.33987680837583,0.168026925839318,-1.87211259387068,-1.55950941871159
"臺東縣","東部",2022,3.7833,3.6,57.8,34.65,168.78,16.61,60.47,4.1021,1.3305966446478,"低薪",0,"東部","2022",-0.724581993643112,0.225961963552448,-0.427420120880483,-1.34774169126704,0.33474460859563,-1.87502315191106,-1.66834527240416
"臺東縣","東部",2023,3.8917,3.4,59.7,37.66,176.26,18.06,60.18,4.0973,1.35884608016066,"低薪",0,"東部","2023",-0.59091336601172,-0.0107600935024977,0.0927010160279372,-1.08470505235015,0.517328542273114,-1.87869964627787,-1.51804814111443
"臺東縣","東部",2024,4.025,3.3,59.5,38.76,183.72,18.37,59.8,4.091,1.39252491087053,"低薪",0,"東部","2024",-0.426540413398578,-0.129121122029971,0.0379514226691555,-0.988578705902119,0.699424283614562,-1.8835250451343,-1.48591565097662
"花蓮縣","東部",2019,3.775,3.6,56.9,44.65,140.16,23.74,70.49,4.2555,1.32840038270099,"低薪",0,"東部","2019",-0.734816768637029,0.225961963552448,-0.673793290994997,-0.47386581446675,-0.363858624271962,-1.75752851943862,-0.929297999234668
"花蓮縣","東部",2020,3.875,3.7,56.2,46.61,149.15,23.74,70.08,4.2496,1.35454566280531,"低薪",0,"東部","2020",-0.611506226541649,0.344322992079922,-0.86541686775073,-0.302586142613893,-0.144416169223756,-1.76204754376449,-0.929297999234668
"花蓮縣","東部",2021,3.9167,3.8,55.2,48.54,158.48,21.82,69.43,4.2403,1.36524946252414,"低薪",0,"東部","2021",-0.560085730487875,0.462684020607394,-1.13916483454463,-0.133928098391438,0.0833255555370625,-1.76917075160017,-1.12831213170107
"花蓮縣","東部",2022,4,3.5,56.7,47.76,167.55,21.68,68.9,4.2327,1.38629436111989,"低薪",0,"東部","2022",-0.457368048922423,0.107600935024975,-0.728542884353777,-0.20209041678186,0.304720779929413,-1.77499186768094,-1.14282357886007
"花蓮縣","東部",2023,4.1333,3.3,58,43.91,176.45,22.07,68.59,4.2281,1.41907611939423,"高薪",1,"東部","2023",-0.292995096309281,-0.129121122029971,-0.372670527521702,-0.538532629349971,0.521966369465456,-1.77851517478246,-1.10239883320284
"花蓮縣","東部",2024,4.2,3.3,58.1,43.83,188.05,21.98,68.14,4.2216,1.43508452528932,"高薪",1,"東部","2024",-0.210746964731662,-0.129121122029971,-0.345295730842311,-0.545523636364373,0.805117924366368,-1.78349376090418,-1.1117276206622
"苗栗縣","中部",2019,4.3583,3.7,58.5,42.48,135.04,46.43,299.65,5.7026,1.47208207307007,"高薪",1,"中部","2019",-0.0155463765946757,0.344322992079922,-0.235796544124749,-0.663496879732412,-0.488835862297192,-0.64914206147988,1.42259297246459
"苗栗縣","中部",2020,4.375,3.7,58.3,45.74,142,46.22,298.07,5.6973,1.47590651980958,"高薪",1,"中部","2020",0.00504648393525296,0.344322992079922,-0.290546137483531,-0.378613343895518,-0.318944929356645,-0.653201524009893,1.40082580172608
"苗栗縣","中部",2021,4.475,3.9,58.3,47.94,149.75,47.65,295.65,5.6892,1.49850635172682,"高薪",1,"中部","2021",0.128357026030633,0.581045049134867,-0.290546137483531,-0.186360650999455,-0.129770399142674,-0.659405608253875,1.54904986913595
"苗栗縣","中部",2022,4.6167,3.6,59.3,46.57,157.36,47.86,293.98,5.6835,1.52968016415578,"高薪",1,"中部","2022",0.303088064179787,0.225961963552448,-0.0167981706896263,-0.306081646121094,0.0559867847190441,-0.663771445314454,1.57081703987446
"苗栗縣","中部",2023,4.725,3.5,59.9,49.19,163.96,44.81,293.67,5.6825,1.55286756094571,"高薪",1,"中部","2023",0.436633381269084,0.107600935024975,0.147450609386717,-0.0771261663994193,0.217090255610942,-0.664537381640872,1.25467479819607
"苗栗縣","中部",2024,4.925,3.3,59,51.57,172.51,45.82,292.73,5.6793,1.59432427462405,"高薪",1,"中部","2024",0.683254465459844,-0.129121122029971,-0.0989225607277969,0.130856292279049,0.425792479266354,-0.666988377885408,1.35936452412891
"連江縣","離島",2019,NA,0.1,70.8,45.99,102.34,19.37,454.48,6.1192,NA,NA,NA,"離島","2019",NA,-3.91667403490911,3.13130344744028,-0.356766446975511,-1.28703033171614,-0.330052987894356,-1.38226245698371
"連江縣","離島",2020,NA,0.6,74.9,53.36,111.36,20.7,461.08,6.1336,NA,NA,NA,"離島","2020",NA,-3.32486889227174,4.25367011129529,0.287280074226301,-1.06685558816388,-0.319023504793944,-1.24440370897313
"連江縣","離島",2021,NA,0.4,75,49.85,123.93,18.12,473.78,6.1607,NA,NA,NA,"離島","2021",NA,-3.56159094932669,4.28104490797468,-0.0194503585306,-0.760026704965219,-0.29826663034803,-1.51182894947485
"連江縣","離島",2022,NA,0.2,73.9,51.43,137.04,19.98,485.52,6.1852,NA,NA,NA,"離島","2022",NA,-3.79831300638163,3.97992214450139,0.118622030003845,-0.440016628693586,-0.279501190350802,-1.31903400864803
"連江縣","離島",2023,NA,0.2,73.6,55.11,146.56,19.75,487.47,6.1892,NA,NA,NA,"離島","2023",NA,-3.79831300638163,3.89779775446321,0.440208352666351,-0.207637076740425,-0.276437445045132,-1.3428742432664
"連江縣","離島",2024,NA,0.1,71.9,54.98,162.73,20.68,484.38,6.1829,NA,NA,NA,"離島","2024",NA,-3.91667403490911,3.43242621091358,0.428847966267947,0.187066426944724,-0.281262843901562,-1.24647677285299
"金門縣","離島",2019,NA,1.1,57.2,42.15,148.93,24.08,924.36,6.8291,NA,NA,NA,"離島","2019",NA,-2.73306374963438,-0.591668900956825,-0.692334783666821,-0.149786284920152,0.213685210229417,-0.894055913277076
"金門縣","離島",2020,NA,1.9,56.9,44.32,161.08,26.9,927.08,6.832,NA,NA,NA,"離島","2020",NA,-1.78617552141459,-0.673793290994997,-0.502703718401159,0.14679055922175,0.215906425576027,-0.601753906217054
"金門縣","離島",2021,NA,3.1,56.6,48.55,176.72,23.87,933.29,6.8387,NA,NA,NA,"離島","2021",NA,-0.365843179084917,-0.755917681033168,-0.133054222514638,0.528556966001943,0.221038198963024,-0.915823084015588
"金門縣","離島",2022,NA,1.3,57.8,51.26,196.01,24.55,931.68,6.837,NA,NA,NA,"離島","2022",NA,-2.49634169257943,-0.427420120880483,0.10376614009824,0.999418474108716,0.219736107208114,-0.845338912100406
"金門縣","離島",2023,NA,1.2,57.1,51.25,212.03,24.43,950.5,6.857,NA,NA,NA,"離島","2023",NA,-2.6147027211069,-0.619043697636216,0.10289226422144,1.39046053527359,0.235054833736464,-0.857777295379556
"金門縣","離島",2024,NA,1.2,57.3,51.25,232.16,25.42,946.89,6.8532,NA,NA,NA,"離島","2024",NA,-2.6147027211069,-0.564294104277436,0.10289226422144,1.88182612149388,0.232144275696078,-0.755160633326569
"雲林縣","南部",2019,4.025,3.6,59.9,36.59,164.31,34.46,527.8,6.2687,1.39252491087053,"低薪",0,"南部","2019",-0.426540413398578,0.225961963552448,0.147450609386717,-1.17820977116778,0.225633621491572,-0.215545507094942,0.181864240369389
"雲林縣","南部",2020,4.025,3.8,59,36.85,172.97,34.91,524.37,6.2622,1.39252491087053,"低薪",0,"南部","2020",-0.426540413398578,0.462684020607394,-0.0989225607277969,-1.15548899837097,0.437020902995183,-0.220524093216656,0.2285081776662
"雲林縣","南部",2021,4.0083,3.8,59,35.69,182.08,34.5,519.15,6.2522,1.38836721128082,"低薪",0,"南部","2021",-0.447133273928506,0.462684020607394,-0.0989225607277969,-1.25685860007981,0.659392512059606,-0.22818345648083,0.186010368129105
"雲林縣","南部",2022,4.0333,3.6,59.8,35.77,190.12,32.94,514.47,6.2431,1.39458489943762,"低薪",0,"南部","2022",-0.416305638404662,0.225961963552448,0.120075812707326,-1.2498675930654,0.855645831146099,-0.23515347705123,0.0243113855001566
"雲林縣","南部",2023,4.2083,3.5,58.9,38.66,197.8,33.1,510.89,6.2362,1.43705876566987,"高薪",1,"南部","2023",-0.200512189737746,0.107600935024975,-0.126297357407188,-0.997317464670122,1.04311168818394,-0.24043843770351,0.0408958965390235
"雲林縣","南部",2024,4.4417,3.4,59,39.61,198.8,32.84,510.08,6.2346,1.49103718604607,"高薪",1,"南部","2024",0.0872946155128716,-0.0107600935024977,-0.0989225607277969,-0.914299256374094,1.06752130498575,-0.241663935825778,0.0139460661008656
"高雄市","南部",2019,4.125,3.7,58.2,51.2,133.5,36.47,939.48,6.8453,1.41706601978664,"高薪",1,"南部","2019",-0.303229871303198,0.344322992079922,-0.31792093416292,0.0985228848374388,-0.526426672171967,0.226093378717379,0.390207160295149
"高雄市","南部",2020,4.1667,3.8,57.6,51.7,142.74,36.98,937.02,6.8427,1.42712435560815,"高薪",1,"南部","2020",-0.251809375249425,0.462684020607394,-0.482169714239263,0.142216678677453,-0.300881812923311,0.224101944268694,0.443070289231536
"高雄市","南部",2021,4.1917,3.9,58.6,53.19,152.25,37.45,929.82,6.835,1.43310637957236,"高薪",1,"南部","2021",-0.220981739725579,0.581045049134867,-0.208421747445358,0.272424184320696,-0.0687463571381677,0.218204234555279,0.491787290408207
"高雄市","南部",2022,4.2417,3.6,58.8,54.72,161.78,36.4,924.21,6.8289,1.44496413228377,"高薪",1,"南部","2022",-0.159326468677889,0.225961963552448,-0.153672154086579,0.40612719347114,0.163877290983012,0.213532022964133,0.382951436715645
"高雄市","南部",2023,4.3167,3.4,58.9,55.53,170.97,36.72,927.45,6.8324,1.46249122145534,"高薪",1,"南部","2023",-0.0668435621063538,-0.0107600935024977,-0.126297357407188,0.476911139491963,0.388201669391578,0.216212800106594,0.416120458793378
"高雄市","南部",2024,4.5167,3.3,58.2,57.54,181.28,35.99,925.24,6.8301,1.50778163870417,"高薪",1,"南部","2024",0.179777522084407,-0.129121122029971,-0.31792093416292,0.652560190728821,0.639864818618163,0.214451146555834,0.34045362717855
